configuration,mean_length,std_length,best_length,mean_time_s
"Stronger selection (k=7, elitism=5)",589.058499383403,17.926336404460876,563.023010220356,1.3659575870000027
"Longer run (pop=100, gen=1000)",589.462478364549,13.36056604856351,568.704155611451,2.6592348717999954
"Baseline (pop=100, gen=500, mut=0.2)",590.0989363278912,14.271828098170403,568.704155611451,1.3369997756000003
Higher mutation (mut=0.4),595.2204225326368,17.39402228131307,582.0125203093373,1.3654499302000034
"Larger population (pop=200, gen=500)",597.1851319789415,11.103608991382867,579.0551611186189,2.5824603255999987
PMX crossover instead of OX1,600.524986496092,10.629477862764944,586.3964993715529,1.3718628576000071
"Tuned (pop=200, gen=1000, mut=0.3, k=7, elit=5)",605.9261014249614,26.170719176675664,572.2981139768548,5.6031909797999955
Swap mutation instead of inversion,709.000457314298,38.86996466013297,663.1341460655826,1.2730713798000068
